{
    "tempo_bpm": 129.19921875,
    "beat_times": [
        8.498503401360544,
        8.962902494331066,
        9.404081632653062,
        9.868480725623582,
        10.309659863945578,
        10.7740589569161,
        11.215238095238096,
        11.679637188208616,
        12.236916099773243,
        12.701315192743763,
        13.25859410430839,
        13.722993197278912,
        14.187392290249432,
        14.628571428571428,
        15.09297052154195,
        15.557369614512472,
        15.998548752834466,
        16.439727891156462,
        16.904126984126986,
        17.368526077097506,
        17.809705215419502,
        18.274104308390022,
        18.738503401360543,
        19.17968253968254,
        19.644081632653062,
        20.085260770975058,
        20.54965986394558,
        20.990839002267574,
        21.455238095238094,
        21.89641723356009,
        22.360816326530614,
        22.825215419501134,
        23.26639455782313,
        23.73079365079365,
        24.171972789115646,
        24.636371882086166,
        25.077551020408162,
        25.541950113378686,
        26.006349206349206,
        26.447528344671202,
        26.911927437641722,
        27.353106575963718,
        27.794285714285714,
        28.258684807256238,
        28.723083900226758,
        29.18748299319728,
        29.6518820861678,
        30.093061224489794,
        30.55746031746032,
        30.998639455782314,
        31.463038548752834,
        31.90421768707483,
        32.36861678004535,
        32.80979591836735,
        33.274195011337866,
        33.73859410430839,
        34.17977324263038,
        34.644172335600906,
        35.085351473922906,
        35.54975056689342,
        35.99092970521542,
        36.45532879818594,
        36.91972789115646,
        37.36090702947846,
        37.82530612244898,
        38.26648526077098,
        38.730884353741494,
        39.172063492063494,
        39.63646258503401,
        40.07764172335601,
        40.542040816326534,
        41.00643990929705,
        41.44761904761905,
        41.912018140589566,
        42.37641723356009,
        42.81759637188209,
        43.25877551020408,
        43.723174603174606,
        44.18757369614512,
        44.62875283446712,
        45.09315192743764,
        45.53433106575964,
        45.99873015873016,
        46.439909297052154,
        46.90430839002268,
        47.368707482993194,
        47.809886621315194,
        48.27428571428572,
        48.71546485260771,
        49.179863945578234,
        49.64426303854875,
        50.08544217687075,
        50.54984126984127,
        50.991020408163266,
        51.45541950113379,
        51.919818594104306,
        52.360997732426306,
        52.82539682539682,
        53.26657596371882,
        53.730975056689346,
        54.17215419501134,
        54.63655328798186,
        55.10095238095238,
        55.54213151927438,
        56.006530612244894,
        56.447709750566894,
        56.91210884353742,
        57.35328798185941,
        57.817687074829934,
        58.28208616780045,
        58.72326530612245,
        59.187664399092974,
        59.628843537414966,
        60.09324263038549,
        60.55764172335601,
        60.998820861678006,
        61.46321995464853,
        61.90439909297052,
        62.368798185941046,
        62.80997732426304,
        63.27437641723356,
        63.715555555555554,
        64.15673469387755,
        64.62113378684808,
        65.0855328798186,
        65.54993197278911,
        66.01433106575963,
        66.45551020408163,
        66.91990929705216,
        67.36108843537414,
        67.82548752834467,
        68.26666666666667,
        68.73106575963719,
        69.17224489795919,
        69.6366439909297,
        70.10104308390022,
        70.54222222222222,
        71.00662131519275,
        71.44780045351474,
        71.91219954648525,
        72.35337868480725,
        72.81777777777778,
        73.2821768707483,
        73.7233560090703,
        74.18775510204081,
        74.62893424036281,
        75.09333333333333,
        75.53451247165533,
        75.99891156462586,
        76.44009070294784,
        76.90448979591837,
        77.36888888888889,
        77.81006802721089,
        78.27446712018141,
        78.73886621315192,
        79.18004535147392,
        79.64444444444445,
        80.08562358276644,
        80.55002267573695,
        81.01442176870748,
        81.45560090702948,
        81.89678004535148,
        82.361179138322,
        82.80235827664399,
        83.26675736961451,
        83.73115646258503,
        84.19555555555556,
        84.63673469387756,
        85.07791383219954,
        85.54231292517007,
        86.00671201814059,
        86.44789115646259,
        86.88907029478457,
        87.3534693877551,
        87.81786848072562,
        88.28226757369615,
        88.72344671201814,
        89.18784580498867,
        89.62902494331065,
        90.09342403628118,
        90.53460317460318,
        90.9990022675737,
        91.46340136054421,
        91.90458049886621,
        92.36897959183673,
        92.81015873015873,
        93.27455782312926,
        93.71573696145124,
        94.18013605442177,
        94.64453514739229,
        95.10893424036281,
        95.57333333333334,
        96.03773242630386,
        96.50213151927437,
        96.9665306122449,
        97.43092970521542,
        97.91854875283447,
        98.38294784580499,
        98.84734693877552,
        99.31174603174603,
        99.77614512471655,
        100.24054421768707,
        100.72816326530612,
        101.21578231292517,
        101.6801814058957,
        102.14458049886622,
        102.60897959183673,
        103.05015873015873,
        103.51455782312925,
        103.95573696145125,
        104.42013605442177,
        104.86131519274376,
        105.32571428571428,
        105.76689342403628,
        106.2312925170068,
        106.67247165532879,
        107.13687074829932,
        107.60126984126984,
        108.04244897959184,
        108.50684807256236,
        108.94802721088435,
        109.41242630385487,
        109.85360544217687,
        110.3180045351474,
        110.78240362811792,
        111.2235827664399,
        111.68798185941043,
        112.12916099773243,
        112.59356009070295,
        113.03473922902495,
        113.49913832199546,
        113.96353741496598,
        114.40471655328798,
        114.8691156462585,
        115.31029478458049,
        115.77469387755102,
        116.21587301587302,
        116.68027210884354,
        117.12145124716554,
        117.58585034013605,
        118.05024943310657,
        118.49142857142857,
        118.9558276643991,
        119.3970068027211,
        119.8614058956916,
        120.41868480725624,
        120.88308390022675,
        121.34748299319727,
        121.78866213151927,
        122.2530612244898,
        122.81034013605442,
        123.27473922902495,
        123.71591836734694,
        124.18031746031745,
        124.64471655328798,
        125.08589569160998,
        125.5502947845805,
        125.9914739229025,
        126.45587301587301,
        126.89705215419501,
        127.36145124716553,
        127.82585034013606,
        128.26702947845806,
        128.73142857142858,
        129.17260770975057,
        129.6370068027211,
        130.07818594104307,
        130.5425850340136,
        131.00698412698412,
        131.47138321995465,
        131.91256235827663,
        132.35374149659864,
        132.81814058956917,
        133.2825396825397,
        133.72371882086168,
        134.1881179138322,
        134.6292970521542,
        135.0936961451247,
        135.55809523809523,
        135.99927437641725,
        136.46367346938774,
        136.90485260770976,
        137.34603174603174,
        137.81043083900227,
        138.2748299319728,
        138.7392290249433,
        139.1804081632653,
        139.64480725623582,
        140.08598639455784,
